,pokedex_number,name,german_name,japanese_name,generation,status,species,type_number,type_1,type_2,height_m,weight_kg,abilities_number,ability_1,ability_2,ability_hidden,total_points,hp,attack,defense,sp_attack,sp_defense,speed,catch_rate,base_friendship,base_experience,growth_rate,egg_type_number,egg_type_1,egg_type_2,percentage_male,egg_cycles,against_normal,against_fire,against_water,against_electric,against_grass,against_ice,against_fight,against_poison,against_ground,against_flying,against_psychic,against_bug,against_rock,against_ghost,against_dragon,against_dark,against_steel,against_fairy
305,252,Treecko,Geckarbor,キモリ (Kimori),3,Normal,Wood Gecko Pokémon,1,Grass,,0.5,5,2,Overgrow,,Unburden,310,40,45,35,65,55,70,45,70,62,Medium Slow,2,Dragon,Monster,87.5,20,1,2,0.5,0.5,0.5,2,1,2,0.5,2,1,2,1,1,1,1,1,1
306,253,Grovyle,Reptain,ジュプトル (Juptile),3,Normal,Wood Gecko Pokémon,1,Grass,,0.9,21.6,2,Overgrow,,Unburden,405,50,65,45,85,65,95,45,70,142,Medium Slow,2,Dragon,Monster,87.5,20,1,2,0.5,0.5,0.5,2,1,2,0.5,2,1,2,1,1,1,1,1,1
307,254,Sceptile,Gewaldro,ジュカイン (Jukain),3,Normal,Forest Pokémon,1,Grass,,1.7,52.2,2,Overgrow,,Unburden,530,70,85,65,105,85,120,45,70,239,Medium Slow,2,Dragon,Monster,87.5,20,1,2,0.5,0.5,0.5,2,1,2,0.5,2,1,2,1,1,1,1,1,1
308,254,Mega Sceptile,Gewaldro,ジュカイン (Jukain),3,Normal,Forest Pokémon,2,Grass,Dragon,1.9,55.2,1,Lightning Rod,,,630,70,110,75,145,85,145,45,70,284,Medium Slow,2,Dragon,Monster,87.5,20,1,1,0.25,0,0.25,4,1,2,0.5,2,1,2,1,1,2,1,1,2
768,656,Froakie,Froxy,ケロマツ (Keromatsu),6,Normal,Bubble Frog Pokémon,1,Water,,0.3,7,2,Torrent,,Protean,314,41,56,40,62,44,71,45,70,63,Medium Slow,1,Water 1,,87.5,20,1,0.5,0.5,2,2,0.5,1,1,1,1,1,1,1,1,1,1,0.5,1
769,657,Frogadier,Amphizel,ゲコガシラ (Gekogashira),6,Normal,Bubble Frog Pokémon,1,Water,,0.6,10.9,2,Torrent,,Protean,405,54,63,52,83,56,97,45,70,142,Medium Slow,1,Water 1,,87.5,20,1,0.5,0.5,2,2,0.5,1,1,1,1,1,1,1,1,1,1,0.5,1
770,658,Greninja,Quajutsu,ゲッコウガ (Gekkouga),6,Normal,Ninja Pokémon,2,Water,Dark,1.5,40,2,Torrent,,Protean,530,72,95,67,103,71,122,45,70,239,Medium Slow,1,Water 1,,87.5,20,1,0.5,0.5,2,2,0.5,2,1,1,1,0,2,1,0.5,1,0.5,0.5,2
949,813,Scorbunny,Hopplo,ヒバニー (Hibanny),8,Normal,Rabbit Pokémon,1,Fire,,0.3,4.5,2,Blaze,,Libero,310,50,71,40,40,40,69,45,,,Medium Slow,2,Field,Human-Like,87.5,20,1,0.5,2,1,0.5,0.5,1,1,2,1,1,0.5,2,1,1,1,0.5,0.5
950,814,Raboot,Kickerlo,ラビフット (Rabbifuto),8,Normal,Rabbit Pokémon,1,Fire,,0.6,9,2,Blaze,,Libero,420,65,86,60,55,60,94,45,,,Medium Slow,2,Field,Human-Like,87.5,20,1,0.5,2,1,0.5,0.5,1,1,2,1,1,0.5,2,1,1,1,0.5,0.5
951,815,Cinderace,Liberlo,エースバーン (Aceburn),8,Normal,Striker Pokémon,1,Fire,,1.4,33,2,Blaze,,Libero,530,80,116,75,65,75,119,45,,,Medium Slow,2,Field,Human-Like,87.5,20,1,0.5,2,1,0.5,0.5,1,1,2,1,1,0.5,2,1,1,1,0.5,0.5
16,13,Weedle,Hornliu,ビードル (Beedle),1,Normal,Hairy Bug Pokémon,2,Bug,Poison,0.3,3.2,2,Shield Dust,,Run Away,195,40,35,30,20,20,50,255,70,39,Medium Fast,1,Bug,,50,15,1,2,1,1,0.25,1,0.25,0.5,1,2,2,0.5,2,1,1,1,1,0.5
17,14,Kakuna,Kokuna,コクーン (Cocoon),1,Normal,Cocoon Pokémon,2,Bug,Poison,0.6,10,1,Shed Skin,,,205,45,25,50,25,25,35,120,70,72,Medium Fast,1,Bug,,50,15,1,2,1,1,0.25,1,0.25,0.5,1,2,2,0.5,2,1,1,1,1,0.5
18,15,Beedrill,Bibor,スピアー (Spear),1,Normal,Poison Bee Pokémon,2,Bug,Poison,1,29.5,2,Swarm,,Sniper,395,65,90,40,45,80,75,45,70,178,Medium Fast,1,Bug,,50,15,1,2,1,1,0.25,1,0.25,0.5,1,2,2,0.5,2,1,1,1,1,0.5
19,15,Mega Beedrill,Bibor,スピアー (Spear),1,Normal,Poison Bee Pokémon,2,Bug,Poison,1.4,40.5,1,Adaptability,,,495,65,150,40,15,80,145,45,70,223,Medium Fast,1,Bug,,50,15,1,2,1,1,0.25,1,0.25,0.5,1,2,2,0.5,2,1,1,1,1,0.5
28,21,Spearow,Habitak,オニスズメ (Onisuzume),1,Normal,Tiny Bird Pokémon,2,Normal,Flying,0.3,2,2,Keen Eye,,Sniper,262,40,60,30,31,31,70,255,70,52,Medium Fast,1,Flying,,50,15,1,1,1,2,0.5,2,1,1,0,1,1,0.5,2,0,1,1,1,1
29,22,Fearow,Ibitak,オニドリル (Onidrill),1,Normal,Beak Pokémon,2,Normal,Flying,1.2,38,2,Keen Eye,,Sniper,442,65,90,65,61,61,100,90,70,155,Medium Fast,1,Flying,,50,15,1,1,1,2,0.5,2,1,1,0,1,1,0.5,2,0,1,1,1,1
36,27,Sandshrew,Sandan,サンド (Sand),1,Normal,Mouse Pokémon,1,Ground,,0.6,12,2,Sand Veil,,Sand Rush,300,50,75,85,20,30,40,255,70,60,Medium Fast,1,Field,,50,20,1,1,2,0,2,2,1,0.5,1,1,1,1,0.5,1,1,1,1,1
38,28,Sandslash,Sandamer,サンドパン (Sandpan),1,Normal,Mouse Pokémon,1,Ground,,1,29.5,2,Sand Veil,,Sand Rush,450,75,100,110,45,55,65,90,70,158,Medium Fast,1,Field,,50,20,1,1,2,0,2,2,1,0.5,1,1,1,1,0.5,1,1,1,1,1
40,29,Nidoran♀,Nidoran♀,ニドラン♀ (Nidoran♀),1,Normal,Poison Pin Pokémon,1,Poison,,0.4,7,3,Poison Point,Rivalry,Hustle,275,55,47,52,40,40,41,235,70,55,Medium Slow,2,Field,Monster,0,20,1,1,1,1,0.5,1,0.5,0.5,2,1,2,0.5,1,1,1,1,1,0.5
41,30,Nidorina,Nidorina,ニドリーナ (Nidorina),1,Normal,Poison Pin Pokémon,1,Poison,,0.8,20,3,Poison Point,Rivalry,Hustle,365,70,62,67,55,55,56,120,70,128,Medium Slow,1,Undiscovered,,0,20,1,1,1,1,0.5,1,0.5,0.5,2,1,2,0.5,1,1,1,1,1,0.5
42,31,Nidoqueen,Nidoqueen,ニドクイン (Nidoqueen),1,Normal,Drill Pokémon,2,Poison,Ground,1.3,60,3,Poison Point,Rivalry,Sheer Force,505,90,92,87,75,85,76,45,70,227,Medium Slow,1,Undiscovered,,0,20,1,1,2,0,1,2,0.5,0.25,2,1,2,0.5,0.5,1,1,1,1,0.5
43,32,Nidoran♂,Nidoran♂,ニドラン♂ (Nidoran♂),1,Normal,Poison Pin Pokémon,1,Poison,,0.5,9,3,Poison Point,Rivalry,Hustle,273,46,57,40,40,40,50,235,70,55,Medium Slow,2,Field,Monster,100,20,1,1,1,1,0.5,1,0.5,0.5,2,1,2,0.5,1,1,1,1,1,0.5
44,33,Nidorino,Nidorino,ニドリーノ (Nidorino),1,Normal,Poison Pin Pokémon,1,Poison,,0.9,19.5,3,Poison Point,Rivalry,Hustle,365,61,72,57,55,55,65,120,70,128,Medium Slow,2,Field,Monster,100,20,1,1,1,1,0.5,1,0.5,0.5,2,1,2,0.5,1,1,1,1,1,0.5
45,34,Nidoking,Nidoking,ニドキング (Nidoking),1,Normal,Drill Pokémon,2,Poison,Ground,1.4,62,3,Poison Point,Rivalry,Sheer Force,505,81,102,77,85,75,85,45,70,227,Medium Slow,2,Field,Monster,100,20,1,1,2,0,1,2,0.5,0.25,2,1,2,0.5,0.5,1,1,1,1,0.5
46,35,Clefairy,Piepi,ピッピ (Pippi),1,Normal,Fairy Pokémon,1,Fairy,,0.6,7.5,3,Cute Charm,Magic Guard,Friend Guard,323,70,45,48,60,65,35,150,140,113,Fast,1,Fairy,,25,10,1,1,1,1,1,1,0.5,2,1,1,1,0.5,1,1,0,0.5,2,1
47,36,Clefable,Pixi,ピクシー (Pixy),1,Normal,Fairy Pokémon,1,Fairy,,1.3,40,3,Cute Charm,Magic Guard,Unaware,483,95,70,73,95,90,60,25,140,217,Fast,1,Fairy,,25,10,1,1,1,1,1,1,0.5,2,1,1,1,0.5,1,1,0,0.5,2,1
54,41,Zubat,Zubat,ズバット (Zubat),1,Normal,Bat Pokémon,2,Poison,Flying,0.8,7.5,2,Inner Focus,,Infiltrator,245,40,45,35,30,40,55,255,70,49,Medium Fast,1,Flying,,50,15,1,1,1,2,0.25,2,0.25,0.5,0,1,2,0.25,2,1,1,1,1,0.5
55,42,Golbat,Golbat,ゴルバット (Golbat),1,Normal,Bat Pokémon,2,Poison,Flying,1.6,55,2,Inner Focus,,Infiltrator,455,75,80,70,65,75,90,90,70,159,Medium Fast,1,Flying,,50,15,1,1,1,2,0.25,2,0.25,0.5,0,1,2,0.25,2,1,1,1,1,0.5
74,56,Mankey,Menki,マンキー (Mankey),1,Normal,Pig Monkey Pokémon,1,Fighting,,0.5,28,3,Vital Spirit,Anger Point,Defiant,305,40,80,35,35,45,70,190,70,61,Medium Fast,1,Field,,50,20,1,1,1,1,1,1,1,1,1,2,2,0.5,0.5,1,1,0.5,1,2
75,57,Primeape,Rasaff,オコリザル (Okorizaru),1,Normal,Pig Monkey Pokémon,1,Fighting,,1,32,3,Vital Spirit,Anger Point,Defiant,455,65,105,60,60,70,95,75,70,159,Medium Fast,1,Field,,50,20,1,1,1,1,1,1,1,1,1,2,2,0.5,0.5,1,1,0.5,1,2
76,58,Growlithe,Fukano,ガーディ (Gardie),1,Normal,Puppy Pokémon,1,Fire,,0.7,19,3,Intimidate,Flash Fire,Justified,350,55,70,45,70,50,60,190,70,70,Slow,1,Field,,75,20,1,0.5,2,1,0.5,0.5,1,1,2,1,1,0.5,2,1,1,1,0.5,0.5
77,59,Arcanine,Arkani,ウインディ (Windie),1,Normal,Legendary Pokémon,1,Fire,,1.9,155,3,Intimidate,Flash Fire,Justified,555,90,110,80,100,80,95,75,70,194,Slow,1,Field,,75,20,1,0.5,2,1,0.5,0.5,1,1,2,1,1,0.5,2,1,1,1,0.5,0.5
108,81,Magnemite,Magnetilo,コイル (Coil),1,Normal,Magnet Pokémon,2,Electric,Steel,0.3,6,3,Magnet Pull,Sturdy,Analytic,325,25,35,70,95,55,45,190,70,65,Medium Fast,1,Mineral,,,20,0.5,2,1,0.5,0.5,0.5,2,0,4,0.25,0.5,0.5,0.5,1,0.5,1,0.25,0.5
109,82,Magneton,Magneton,レアコイル (Rarecoil),1,Normal,Magnet Pokémon,2,Electric,Steel,1,60,3,Magnet Pull,Sturdy,Analytic,465,50,60,95,120,70,70,60,70,163,Medium Fast,1,Mineral,,,20,0.5,2,1,0.5,0.5,0.5,2,0,4,0.25,0.5,0.5,0.5,1,0.5,1,0.25,0.5
116,88,Grimer,Sleima,ベトベター (Betbeter),1,Normal,Sludge Pokémon,1,Poison,,0.9,30,3,Stench,Sticky Hold,Poison Touch,325,80,80,50,40,50,25,190,70,65,Medium Fast,1,Amorphous,,50,20,1,1,1,1,0.5,1,0.5,0.5,2,1,2,0.5,1,1,1,1,1,0.5
117,88,Alolan Grimer,Sleima,ベトベター (Betbeter),1,Normal,Sludge Pokémon,2,Poison,Dark,0.7,42,3,Poison Touch,Gluttony,Power of Alchemy,325,80,80,50,40,50,25,190,70,65,Medium Fast,1,Amorphous,,50,20,1,1,1,1,0.5,1,1,0.5,2,1,0,1,1,0.5,1,0.5,1,1
118,89,Muk,Sleimok,ベトベトン (Betbeton),1,Normal,Sludge Pokémon,1,Poison,,1.2,30,3,Stench,Sticky Hold,Poison Touch,500,105,105,75,65,100,50,75,70,175,Medium Fast,1,Amorphous,,50,20,1,1,1,1,0.5,1,0.5,0.5,2,1,2,0.5,1,1,1,1,1,0.5
119,89,Alolan Muk,Sleimok,ベトベトン (Betbeton),1,Normal,Sludge Pokémon,2,Poison,Dark,1,52,3,Poison Touch,Gluttony,Power of Alchemy,500,105,105,75,65,100,50,75,70,175,Medium Fast,1,Amorphous,,50,20,1,1,1,1,0.5,1,1,0.5,2,1,0,1,1,0.5,1,0.5,1,1
136,104,Cubone,Tragosso,カラカラ (Karakara),1,Normal,Lonely Pokémon,1,Ground,,0.4,6.5,3,Rock Head,Lightning Rod,Battle Armor,320,50,50,95,40,50,35,190,70,64,Medium Fast,1,Monster,,50,20,1,1,2,0,2,2,1,0.5,1,1,1,1,0.5,1,1,1,1,1
137,105,Marowak,Knogga,ガラガラ (Garagara),1,Normal,Bone Keeper Pokémon,1,Ground,,1,45,3,Rock Head,Lightning Rod,Battle Armor,425,60,80,110,50,80,45,75,70,149,Medium Fast,1,Monster,,50,20,1,1,2,0,2,2,1,0.5,1,1,1,1,0.5,1,1,1,1,1
139,106,Hitmonlee,Kicklee,サワムラー (Sawamular),1,Normal,Kicking Pokémon,1,Fighting,,1.5,49.8,3,Limber,Reckless,Unburden,455,50,120,53,35,110,87,45,70,159,Medium Fast,1,Human-Like,,100,25,1,1,1,1,1,1,1,1,1,2,2,0.5,0.5,1,1,0.5,1,2
140,107,Hitmonchan,Nockchan,エビワラー (Ebiwalar),1,Normal,Punching Pokémon,1,Fighting,,1.4,50.2,3,Keen Eye,Iron Fist,Inner Focus,455,50,105,79,35,110,76,45,70,159,Medium Fast,1,Human-Like,,100,25,1,1,1,1,1,1,1,1,1,2,2,0.5,0.5,1,1,0.5,1,2
145,111,Rhyhorn,Rihorn,サイホーン (Sihorn),1,Normal,Spikes Pokémon,2,Ground,Rock,1,115,3,Lightning Rod,Rock Head,Reckless,345,80,85,95,30,30,25,120,70,69,Slow,2,Field,Monster,50,20,0.5,0.5,4,0,4,2,2,0.25,2,0.5,1,1,0.5,1,1,1,2,1
146,112,Rhydon,Rizeros,サイドン (Sidon),1,Normal,Drill Pokémon,2,Ground,Rock,1.9,120,3,Lightning Rod,Rock Head,Reckless,485,105,130,120,45,45,40,60,70,170,Slow,2,Field,Monster,50,20,0.5,0.5,4,0,4,2,2,0.25,2,0.5,1,1,0.5,1,1,1,2,1
151,116,Horsea,Seeper,タッツー (Tattu),1,Normal,Dragon Pokémon,1,Water,,0.4,8,3,Swift Swim,Sniper,Damp,295,30,40,70,70,25,60,225,70,59,Medium Fast,2,Dragon,Water 1,50,20,1,0.5,0.5,2,2,0.5,1,1,1,1,1,1,1,1,1,1,0.5,1
152,117,Seadra,Seemon,シードラ (Seadra),1,Normal,Dragon Pokémon,1,Water,,1.2,25,3,Poison Point,Sniper,Damp,440,55,65,95,95,45,85,75,70,154,Medium Fast,2,Dragon,Water 1,50,20,1,0.5,0.5,2,2,0.5,1,1,1,1,1,1,1,1,1,1,0.5,1
159,123,Scyther,Sichlor,ストライク (Strike),1,Normal,Mantis Pokémon,2,Bug,Flying,1.5,56,3,Swarm,Technician,Steadfast,500,70,110,80,55,80,105,45,70,100,Medium Fast,1,Bug,,50,25,1,2,1,2,0.25,2,0.25,1,0,2,1,0.5,4,1,1,1,1,1
161,125,Electabuzz,Elektek,エレブー (Eleboo),1,Normal,Electric Pokémon,1,Electric,,1.1,30,2,Static,,Vital Spirit,490,65,83,57,95,85,105,45,70,172,Medium Fast,1,Human-Like,,75,25,1,1,1,0.5,1,1,1,1,2,0.5,1,1,1,1,1,1,0.5,1
162,126,Magmar,Magmar,ブーバー (Boober),1,Normal,Spitfire Pokémon,1,Fire,,1.3,44.5,2,Flame Body,,Vital Spirit,495,65,95,57,100,85,93,45,70,173,Medium Fast,1,Human-Like,,75,25,1,0.5,2,1,0.5,0.5,1,1,2,1,1,0.5,2,1,1,1,0.5,0.5
176,137,Porygon,Porygon,ポリゴン (Porygon),1,Normal,Virtual Pokémon,1,Normal,,0.8,36.5,3,Trace,Download,Analytic,395,65,60,70,85,75,40,45,70,79,Medium Fast,1,Mineral,,,20,1,1,1,1,1,1,2,1,1,1,1,1,1,0,1,1,1,1
179,140,Kabuto,Kabuto,カブト (Kabuto),1,Normal,Shellfish Pokémon,2,Rock,Water,0.5,11.5,3,Swift Swim,Battle Armor,Weak Armor,355,30,80,90,55,45,55,45,70,71,Medium Fast,2,Water 1,Water 3,87.5,30,0.5,0.25,1,2,4,0.5,2,0.5,2,0.5,1,1,1,1,1,1,1,1
180,141,Kabutops,Kabutops,カブトプス (Kabutops),1,Normal,Shellfish Pokémon,2,Rock,Water,1.3,40.5,3,Swift Swim,Battle Armor,Weak Armor,495,60,115,105,65,70,80,45,70,173,Medium Fast,2,Water 1,Water 3,87.5,30,0.5,0.25,1,2,4,0.5,2,0.5,2,0.5,1,1,1,1,1,1,1,1
183,143,Snorlax,Relaxo,カビゴン (Kabigon),1,Normal,Sleeping Pokémon,1,Normal,,2.1,460,3,Immunity,Thick Fat,Gluttony,540,160,110,65,65,110,30,25,70,189,Slow,1,Monster,,87.5,40,1,1,1,1,1,1,2,1,1,1,1,1,1,0,1,1,1,1
190,147,Dratini,Dratini,ミニリュウ (Miniryu),1,Normal,Dragon Pokémon,1,Dragon,,1.8,3.3,2,Shed Skin,,Marvel Scale,300,41,64,45,50,50,50,45,35,60,Slow,2,Dragon,Water 1,50,40,1,0.5,0.5,0.5,0.5,2,1,1,1,1,1,1,1,1,2,1,1,2
191,148,Dragonair,Dragonir,ハクリュー (Hakuryu),1,Normal,Dragon Pokémon,1,Dragon,,4,16.5,2,Shed Skin,,Marvel Scale,420,61,84,65,70,70,70,45,35,147,Slow,2,Dragon,Water 1,50,40,1,0.5,0.5,0.5,0.5,2,1,1,1,1,1,1,1,1,2,1,1,2
192,149,Dragonite,Dragoran,カイリュー (Kairyu),1,Normal,Dragon Pokémon,2,Dragon,Flying,2.2,210,2,Inner Focus,,Multiscale,600,91,134,95,100,100,80,45,35,270,Slow,2,Dragon,Water 1,50,40,1,0.5,0.5,1,0.25,4,0.5,1,0,1,1,0.5,2,1,2,1,1,2
206,161,Sentret,Wiesor,オタチ (Otachi),2,Normal,Scout Pokémon,1,Normal,,0.8,6,3,Run Away,Keen Eye,Frisk,215,35,46,34,35,45,20,255,70,43,Medium Fast,1,Field,,50,15,1,1,1,1,1,1,2,1,1,1,1,1,1,0,1,1,1,1
207,162,Furret,Wiesenior,オオタチ (Ootachi),2,Normal,Long Body Pokémon,1,Normal,,1.8,32.5,3,Run Away,Keen Eye,Frisk,415,85,76,64,45,55,90,90,70,145,Medium Fast,1,Field,,50,15,1,1,1,1,1,1,2,1,1,1,1,1,1,0,1,1,1,1
210,165,Ledyba,Ledyba,レディバ (Rediba),2,Normal,Five Star Pokémon,2,Bug,Flying,1,10.8,3,Swarm,Early Bird,Rattled,265,40,20,30,40,80,55,255,70,53,Fast,1,Bug,,50,15,1,2,1,2,0.25,2,0.25,1,0,2,1,0.5,4,1,1,1,1,1
211,166,Ledian,Ledian,レディアン (Redian),2,Normal,Five Star Pokémon,2,Bug,Flying,1.4,35.6,3,Swarm,Early Bird,Iron Fist,390,55,35,50,55,110,85,90,70,137,Fast,1,Bug,,50,15,1,2,1,2,0.25,2,0.25,1,0,2,1,0.5,4,1,1,1,1,1
214,169,Crobat,Iksbat,クロバット (Crobat),2,Normal,Bat Pokémon,2,Poison,Flying,1.8,75,2,Inner Focus,,Infiltrator,535,85,90,80,70,80,130,90,70,241,Medium Fast,1,Flying,,50,15,1,1,1,2,0.25,2,0.25,0.5,0,1,2,0.25,2,1,1,1,1,0.5
218,173,Cleffa,Pii,ピィ (Py),2,Normal,Star Shape Pokémon,1,Fairy,,0.3,3,3,Cute Charm,Magic Guard,Friend Guard,218,50,25,28,45,55,15,150,140,44,Fast,1,Undiscovered,,25,10,1,1,1,1,1,1,0.5,2,1,1,1,0.5,1,1,0,0.5,2,1
224,179,Mareep,Voltilamm,メリープ (Merriep),2,Normal,Wool Pokémon,1,Electric,,0.6,7.8,2,Static,,Plus,280,55,40,40,65,45,35,235,70,56,Medium Slow,2,Field,Monster,50,20,1,1,1,0.5,1,1,1,1,2,0.5,1,1,1,1,1,1,0.5,1
225,180,Flaaffy,Waaty,モココ (Mokoko),2,Normal,Wool Pokémon,1,Electric,,0.8,13.3,2,Static,,Plus,365,70,55,55,80,60,45,120,70,128,Medium Slow,2,Field,Monster,50,20,1,1,1,0.5,1,1,1,1,2,0.5,1,1,1,1,1,1,0.5,1
226,181,Ampharos,Ampharos,デンリュウ (Denryu),2,Normal,Light Pokémon,1,Electric,,1.4,61.5,2,Static,,Plus,510,90,75,85,115,90,55,45,70,230,Medium Slow,2,Field,Monster,50,20,1,1,1,0.5,1,1,1,1,2,0.5,1,1,1,1,1,1,0.5,1
227,181,Mega Ampharos,Ampharos,デンリュウ (Denryu),2,Normal,Light Pokémon,2,Electric,Dragon,1.4,61.5,1,Mold Breaker,,,610,90,95,105,165,110,45,45,70,275,Medium Slow,2,Field,Monster,50,20,1,0.5,0.5,0.25,0.5,2,1,1,2,0.5,1,1,1,1,2,1,0.5,2
231,185,Sudowoodo,Mogelbaum,ウソッキー (Usokkie),2,Normal,Imitation Pokémon,1,Rock,,1.2,38,3,Sturdy,Rock Head,Rattled,410,70,100,115,30,65,30,65,70,144,Medium Fast,1,Mineral,,50,20,0.5,0.5,2,1,2,1,2,0.5,2,0.5,1,1,1,1,1,1,2,1
233,187,Hoppip,Hoppspross,ハネッコ (Hanecco),2,Normal,Cottonweed Pokémon,2,Grass,Flying,0.4,0.5,3,Chlorophyll,Leaf Guard,Infiltrator,250,35,35,40,35,55,50,255,70,50,Medium Slow,2,Fairy,Grass,50,20,1,2,0.5,1,0.25,4,0.5,2,0,2,1,1,2,1,1,1,1,1
234,188,Skiploom,Hubelupf,ポポッコ (Popocco),2,Normal,Cottonweed Pokémon,2,Grass,Flying,0.6,1,3,Chlorophyll,Leaf Guard,Infiltrator,340,55,45,50,45,65,80,120,70,119,Medium Slow,2,Fairy,Grass,50,20,1,2,0.5,1,0.25,4,0.5,2,0,2,1,1,2,1,1,1,1,1
235,189,Jumpluff,Papungha,ワタッコ (Watacco),2,Normal,Cottonweed Pokémon,2,Grass,Flying,0.8,3,3,Chlorophyll,Leaf Guard,Infiltrator,460,75,55,70,55,95,110,45,70,207,Medium Slow,2,Fairy,Grass,50,20,1,2,0.5,1,0.25,4,0.5,2,0,2,1,1,2,1,1,1,1,1
236,190,Aipom,Griffel,エイパム (Eipam),2,Normal,Long Tail Pokémon,1,Normal,,0.8,11.5,3,Run Away,Pickup,Skill Link,360,55,70,55,40,55,85,45,70,72,Fast,1,Field,,50,20,1,1,1,1,1,1,2,1,1,1,1,1,1,0,1,1,1,1
239,193,Yanma,Yanma,ヤンヤンマ (Yanyanma),2,Normal,Clear Wing Pokémon,2,Bug,Flying,1.2,38,3,Speed Boost,Compound Eyes,Frisk,390,65,65,45,75,45,95,75,70,78,Medium Fast,1,Bug,,50,20,1,2,1,2,0.25,2,0.25,1,0,2,1,0.5,4,1,1,1,1,1
240,194,Wooper,Felino,ウパー (Upah),2,Normal,Water Fish Pokémon,2,Water,Ground,0.4,8.5,3,Damp,Water Absorb,Unaware,210,55,45,45,25,25,15,255,70,42,Medium Fast,2,Field,Water 1,50,20,1,0.5,1,0,4,1,1,0.5,1,1,1,1,0.5,1,1,1,0.5,1
241,195,Quagsire,Morlord,ヌオー (Nuoh),2,Normal,Water Fish Pokémon,2,Water,Ground,1.4,75,3,Damp,Water Absorb,Unaware,430,95,85,85,65,65,35,90,70,151,Medium Fast,2,Field,Water 1,50,20,1,0.5,1,0,4,1,1,0.5,1,1,1,1,0.5,1,1,1,0.5,1
251,204,Pineco,Tannza,クヌギダマ (Kunugidama),2,Normal,Bagworm Pokémon,1,Bug,,0.6,7.2,2,Sturdy,,Overcoat,290,50,65,90,35,35,15,190,70,58,Medium Fast,1,Bug,,50,20,1,2,1,1,0.5,1,0.5,1,0.5,2,1,1,2,1,1,1,1,1
252,205,Forretress,Forstellka,フォレトス (Foretos),2,Normal,Bagworm Pokémon,2,Bug,Steel,1.2,125.8,2,Sturdy,,Overcoat,465,75,90,140,60,60,40,75,70,163,Medium Fast,1,Bug,,50,20,0.5,4,1,1,0.25,0.5,1,0,1,1,0.5,0.5,1,1,0.5,1,0.5,0.5
254,207,Gligar,Skorgla,グライガー (Gliger),2,Normal,FlyScorpion Pokémon,2,Ground,Flying,1.1,64.8,3,Hyper Cutter,Sand Veil,Immunity,430,65,75,105,35,65,85,60,70,86,Medium Slow,1,Bug,,50,20,1,1,2,0,1,4,0.5,0.5,0,1,1,0.5,1,1,1,1,1,1
265,215,Sneasel,Sniebel,ニューラ (Nyula),2,Normal,Sharp Claw Pokémon,2,Dark,Ice,0.9,28,3,Inner Focus,Keen Eye,Pickpocket,430,55,95,55,35,75,115,60,35,86,Medium Slow,1,Field,,50,20,1,2,1,1,1,0.5,4,1,1,1,0,2,2,0.5,1,0.5,2,2
266,216,Teddiursa,Teddiursa,ヒメグマ (Himeguma),2,Normal,Little Bear Pokémon,1,Normal,,0.6,8.8,3,Pickup,Quick Feet,Honey Gather,330,60,80,50,50,50,40,120,70,66,Medium Fast,1,Field,,50,20,1,1,1,1,1,1,2,1,1,1,1,1,1,0,1,1,1,1
267,217,Ursaring,Ursaring,リングマ (Ringuma),2,Normal,Hibernator Pokémon,1,Normal,,1.8,125.8,3,Guts,Quick Feet,Unnerve,500,90,130,75,75,75,55,60,70,175,Medium Fast,1,Field,,50,20,1,1,1,1,1,1,2,1,1,1,1,1,1,0,1,1,1,1
278,227,Skarmory,Panzaeron,エアームド (Airmd),2,Normal,Armor Bird Pokémon,2,Steel,Flying,1.7,50.5,3,Keen Eye,Sturdy,Weak Armor,465,65,80,140,40,70,70,25,70,163,Slow,1,Flying,,50,25,0.5,2,1,2,0.25,1,1,0,0,0.5,0.5,0.25,1,1,0.5,1,0.5,0.5
279,228,Houndour,Hunduster,デルビル (Delvil),2,Normal,Dark Pokémon,2,Dark,Fire,0.6,10.8,3,Early Bird,Flash Fire,Unnerve,330,45,60,30,80,50,65,120,35,66,Slow,1,Field,,50,20,1,0.5,2,1,0.5,0.5,2,1,2,1,0,1,2,0.5,1,0.5,0.5,1
280,229,Houndoom,Hundemon,ヘルガー (Hellgar),2,Normal,Dark Pokémon,2,Dark,Fire,1.4,35,3,Early Bird,Flash Fire,Unnerve,500,75,90,50,110,80,95,45,35,175,Slow,1,Field,,50,20,1,0.5,2,1,0.5,0.5,2,1,2,1,0,1,2,0.5,1,0.5,0.5,1
281,229,Mega Houndoom,Hundemon,ヘルガー (Hellgar),2,Normal,Dark Pokémon,2,Dark,Fire,1.9,49.5,1,Solar Power,,,600,75,90,90,140,90,115,45,35,210,Slow,1,Field,,50,20,1,0,2,1,0.5,0.5,2,1,2,1,0,1,2,0.5,1,0.5,0.5,1
282,230,Kingdra,Seedraking,キングドラ (Kingdra),2,Normal,Dragon Pokémon,2,Water,Dragon,1.8,152,3,Swift Swim,Sniper,Damp,540,75,95,95,95,95,85,45,70,243,Medium Fast,2,Dragon,Water 1,50,20,1,0.25,0.25,1,1,1,1,1,1,1,1,1,1,1,2,1,0.5,2
283,231,Phanpy,Phanpy,ゴマゾウ (Gomazou),2,Normal,Long Nose Pokémon,1,Ground,,0.5,33.5,2,Pickup,,Sand Veil,330,90,60,60,40,40,40,120,70,66,Medium Fast,1,Field,,50,20,1,1,2,0,2,2,1,0.5,1,1,1,1,0.5,1,1,1,1,1
284,232,Donphan,Donphan,ドンファン (Donfan),2,Normal,Armor Pokémon,1,Ground,,1.1,120,2,Sturdy,,Sand Veil,500,90,120,120,60,60,50,60,70,175,Medium Fast,1,Field,,50,20,1,1,2,0,2,2,1,0.5,1,1,1,1,0.5,1,1,1,1,1
285,233,Porygon2,Porygon2,ポリゴン２ (Porygon2),2,Normal,Virtual Pokémon,1,Normal,,0.6,32.5,3,Trace,Download,Analytic,515,85,80,90,105,95,60,45,70,180,Medium Fast,1,Mineral,,,20,1,1,1,1,1,1,2,1,1,1,1,1,1,0,1,1,1,1
288,236,Tyrogue,Rabauz,バルキー (Balkie),2,Normal,Scuffle Pokémon,1,Fighting,,0.7,21,3,Guts,Steadfast,Vital Spirit,210,35,35,35,35,35,35,75,70,42,Medium Fast,1,Undiscovered,,100,25,1,1,1,1,1,1,1,1,1,2,2,0.5,0.5,1,1,0.5,1,2
289,237,Hitmontop,Kapoera,カポエラー (Kapoerer),2,Normal,Handstand Pokémon,1,Fighting,,1.4,48,3,Intimidate,Technician,Steadfast,455,50,95,95,35,110,70,45,70,159,Medium Fast,1,Human-Like,,100,25,1,1,1,1,1,1,1,1,1,2,2,0.5,0.5,1,1,0.5,1,2
291,239,Elekid,Elekid,エレキッド (Elekid),2,Normal,Electric Pokémon,1,Electric,,0.6,23.5,2,Static,,Vital Spirit,360,45,63,37,65,55,95,45,70,72,Medium Fast,1,Undiscovered,,75,25,1,1,1,0.5,1,1,1,1,2,0.5,1,1,1,1,1,1,0.5,1
292,240,Magby,Magby,ブビィ (Buby),2,Normal,Live Coal Pokémon,1,Fire,,0.7,21.4,2,Flame Body,,Vital Spirit,365,45,75,37,70,55,83,45,70,73,Medium Fast,1,Undiscovered,,75,25,1,0.5,2,1,0.5,0.5,1,1,2,1,1,0.5,2,1,1,1,0.5,0.5
293,241,Miltank,Miltank,ミルタンク (Miltank),2,Normal,Milk Cow Pokémon,1,Normal,,1.2,75.5,3,Thick Fat,Scrappy,Sap Sipper,490,95,80,105,40,70,100,45,70,172,Slow,1,Field,,0,20,1,0.5,1,1,1,0.5,2,1,1,1,1,1,1,0,1,1,1,1
298,246,Larvitar,Larvitar,ヨーギラス (Yogiras),2,Normal,Rock Skin Pokémon,2,Rock,Ground,0.6,72,2,Guts,,Sand Veil,300,50,64,50,45,50,41,45,35,60,Slow,1,Monster,,50,40,0.5,0.5,4,0,4,2,2,0.25,2,0.5,1,1,0.5,1,1,1,2,1
299,247,Pupitar,Pupitar,サナギラス (Sanagiras),2,Normal,Hard Shell Pokémon,2,Rock,Ground,1.2,152,1,Shed Skin,,,410,70,84,70,65,70,51,45,35,144,Slow,1,Monster,,50,40,0.5,0.5,4,0,4,2,2,0.25,2,0.5,1,1,0.5,1,1,1,2,1
300,248,Tyranitar,Despotar,バンギラス (Bangiras),2,Normal,Armor Pokémon,2,Rock,Dark,2,202,2,Sand Stream,,Unnerve,600,100,134,110,95,100,61,45,35,270,Slow,1,Monster,,50,40,0.5,0.5,2,1,2,1,4,0.5,2,0.5,0,2,1,0.5,1,0.5,2,2
301,248,Mega Tyranitar,Despotar,バンギラス (Bangiras),2,Normal,Armor Pokémon,2,Rock,Dark,2.5,255,1,Sand Stream,,,700,100,164,150,95,120,71,45,35,315,Slow,1,Monster,,50,40,0.5,0.5,2,1,2,1,4,0.5,2,0.5,0,2,1,0.5,1,0.5,2,2
317,261,Poochyena,Fiffyen,ポチエナ (Pochiena),3,Normal,Bite Pokémon,1,Dark,,0.5,13.6,3,Run Away,Quick Feet,Rattled,220,35,55,35,30,30,35,255,70,56,Medium Fast,1,Field,,50,15,1,1,1,1,1,1,2,1,1,1,0,2,1,0.5,1,0.5,1,2
318,262,Mightyena,Magnayen,グラエナ (Graena),3,Normal,Bite Pokémon,1,Dark,,1,37,3,Intimidate,Quick Feet,Moxie,420,70,90,70,60,60,70,127,70,147,Medium Fast,1,Field,,50,15,1,1,1,1,1,1,2,1,1,1,0,2,1,0.5,1,0.5,1,2
344,285,Shroomish,Knilz,キノココ (Kinococo),3,Normal,Mushroom Pokémon,1,Grass,,0.4,4.5,3,Effect Spore,Poison Heal,Quick Feet,295,60,40,60,40,60,35,255,70,59,Fluctuating,2,Fairy,Grass,50,15,1,2,0.5,0.5,0.5,2,1,2,0.5,2,1,2,1,1,1,1,1,1
345,286,Breloom,Kapilz,キノガッサ (Kinogassa),3,Normal,Mushroom Pokémon,2,Grass,Fighting,1.2,39.2,3,Effect Spore,Poison Heal,Technician,460,60,130,80,60,60,70,90,70,161,Fluctuating,2,Fairy,Grass,50,15,1,2,0.5,0.5,0.5,2,1,2,0.5,4,2,1,0.5,1,1,0.5,1,2
346,287,Slakoth,Bummelz,ナマケロ (Namakero),3,Normal,Slacker Pokémon,1,Normal,,0.8,24,1,Truant,,,280,60,60,60,35,35,30,255,70,56,Slow,1,Field,,50,15,1,1,1,1,1,1,2,1,1,1,1,1,1,0,1,1,1,1
347,288,Vigoroth,Muntier,ヤルキモノ (Yarukimono),3,Normal,Wild Monkey Pokémon,1,Normal,,1.4,46.5,1,Vital Spirit,,,440,80,80,80,55,55,90,120,70,154,Slow,1,Field,,50,15,1,1,1,1,1,1,2,1,1,1,1,1,1,0,1,1,1,1
348,289,Slaking,Letarking,ケッキング (Kekking),3,Normal,Lazy Pokémon,1,Normal,,2,130.5,1,Truant,,,670,150,160,100,95,65,100,45,70,252,Slow,1,Field,,50,15,1,1,1,1,1,1,2,1,1,1,1,1,1,0,1,1,1,1
355,296,Makuhita,Makuhita,マクノシタ (Makunoshita),3,Normal,Guts Pokémon,1,Fighting,,1,86.4,3,Thick Fat,Guts,Sheer Force,237,72,60,30,20,30,25,180,70,47,Fluctuating,1,Human-Like,,75,20,1,0.5,1,1,1,0.5,1,1,1,2,2,0.5,0.5,1,1,0.5,1,2
356,297,Hariyama,Hariyama,ハリテヤマ (Hariteyama),3,Normal,Arm Thrust Pokémon,1,Fighting,,2.3,253.8,3,Thick Fat,Guts,Sheer Force,474,144,120,60,40,60,50,200,70,166,Fluctuating,1,Human-Like,,75,20,1,0.5,1,1,1,0.5,1,1,1,2,2,0.5,0.5,1,1,0.5,1,2
358,299,Nosepass,Nasgnet,ノズパス (Nosepass),3,Normal,Compass Pokémon,1,Rock,,1,97,3,Sturdy,Magnet Pull,Sand Force,375,30,45,135,45,90,30,255,70,75,Medium Fast,1,Mineral,,50,20,0.5,0.5,2,1,2,1,2,0.5,2,0.5,1,1,1,1,1,1,2,1
363,303,Mawile,Flunkifer,クチート (Kucheat),3,Normal,Deceiver Pokémon,2,Steel,Fairy,0.6,11.5,3,Hyper Cutter,Intimidate,Sheer Force,380,50,85,85,55,55,50,45,70,133,Fast,2,Fairy,Field,50,20,0.5,2,1,1,0.5,0.5,1,0,2,0.5,0.5,0.25,0.5,1,0,0.5,1,0.5
364,303,Mega Mawile,Flunkifer,クチート (Kucheat),3,Normal,Deceiver Pokémon,2,Steel,Fairy,1,23.5,1,Huge Power,,,480,50,105,125,55,95,50,45,70,168,Fast,2,Fairy,Field,50,20,0.5,2,1,1,0.5,0.5,1,0,2,0.5,0.5,0.25,0.5,1,0,0.5,1,0.5
369,307,Meditite,Meditie,アサナン (Asanan),3,Normal,Meditate Pokémon,2,Fighting,Psychic,0.6,11.2,2,Pure Power,,Telepathy,280,30,40,55,40,55,60,180,70,56,Medium Fast,1,Human-Like,,50,20,1,1,1,1,1,1,0.5,1,1,2,1,1,0.5,2,1,1,1,2
370,308,Medicham,Meditalis,チャーレム (Charem),3,Normal,Meditate Pokémon,2,Fighting,Psychic,1.3,31.5,2,Pure Power,,Telepathy,410,60,60,75,60,75,80,90,70,144,Medium Fast,1,Human-Like,,50,20,1,1,1,1,1,1,0.5,1,1,2,1,1,0.5,2,1,1,1,2
371,308,Mega Medicham,Meditalis,チャーレム (Charem),3,Normal,Meditate Pokémon,2,Fighting,Psychic,1.3,31.5,1,Pure Power,,,510,60,100,85,80,85,100,90,70,179,Medium Fast,1,Human-Like,,50,20,1,1,1,1,1,1,0.5,1,1,2,1,1,0.5,2,1,1,1,2
372,309,Electrike,Frizelbliz,ラクライ (Rakurai),3,Normal,Lightning Pokémon,1,Electric,,0.6,15.2,3,Static,Lightning Rod,Minus,295,40,45,40,65,40,65,120,70,59,Slow,1,Field,,50,20,1,1,1,0.5,1,1,1,1,2,0.5,1,1,1,1,1,1,0.5,1
373,310,Manectric,Voltenso,ライボルト (Livolt),3,Normal,Discharge Pokémon,1,Electric,,1.5,40.2,3,Static,Lightning Rod,Minus,475,70,75,60,105,60,105,45,70,166,Slow,1,Field,,50,20,1,1,1,0.5,1,1,1,1,2,0.5,1,1,1,1,1,1,0.5,1
374,310,Mega Manectric,Voltenso,ライボルト (Livolt),3,Normal,Discharge Pokémon,1,Electric,,1.8,44,1,Intimidate,,,575,70,75,80,135,80,135,45,70,201,Slow,1,Field,,50,20,1,1,1,0,1,1,1,1,2,0.5,1,1,1,1,1,1,0.5,1
379,315,Roselia,Roselia,ロゼリア (Roselia),3,Normal,Thorn Pokémon,2,Grass,Poison,0.3,2,3,Natural Cure,Poison Point,Leaf Guard,400,50,60,45,100,80,65,150,70,140,Medium Slow,2,Fairy,Grass,50,20,1,2,0.5,0.5,0.25,2,0.5,1,1,2,2,1,1,1,1,1,1,0.5
382,318,Carvanha,Kanivanha,キバニア (Kibanha),3,Normal,Savage Pokémon,2,Water,Dark,0.8,20.8,2,Rough Skin,,Speed Boost,305,45,90,20,65,20,65,225,35,61,Slow,1,Water 2,,50,20,1,0.5,0.5,2,2,0.5,2,1,1,1,0,2,1,0.5,1,0.5,0.5,2
383,319,Sharpedo,Tohaido,サメハダー (Samehader),3,Normal,Brutal Pokémon,2,Water,Dark,1.8,88.8,2,Rough Skin,,Speed Boost,460,70,120,40,95,40,95,60,35,161,Slow,1,Water 2,,50,20,1,0.5,0.5,2,2,0.5,2,1,1,1,0,2,1,0.5,1,0.5,0.5,2
384,319,Mega Sharpedo,Tohaido,サメハダー (Samehader),3,Normal,Brutal Pokémon,2,Water,Dark,2.5,130.3,1,Strong Jaw,,,560,70,140,70,110,65,105,60,35,196,Slow,1,Water 2,,50,20,1,0.5,0.5,2,2,0.5,2,1,1,1,0,2,1,0.5,1,0.5,0.5,2
385,320,Wailmer,Wailmer,ホエルコ (Hoeruko),3,Normal,Ball Whale Pokémon,1,Water,,2,130,3,Water Veil,Oblivious,Pressure,400,130,70,35,70,35,60,125,70,80,Fluctuating,2,Field,Water 2,50,40,1,0.5,0.5,2,2,0.5,1,1,1,1,1,1,1,1,1,1,0.5,1
386,321,Wailord,Wailord,ホエルオー (Whaloh),3,Normal,Float Whale Pokémon,1,Water,,14.5,398,3,Water Veil,Oblivious,Pressure,500,170,90,45,90,45,60,60,70,175,Fluctuating,2,Field,Water 2,50,40,1,0.5,0.5,2,2,0.5,1,1,1,1,1,1,1,1,1,1,0.5,1
387,322,Numel,Camaub,ドンメル (Donmel),3,Normal,Numb Pokémon,2,Fire,Ground,0.7,24,3,Oblivious,Simple,Own Tempo,305,60,60,40,65,45,35,255,70,61,Medium Fast,1,Field,,50,20,1,0.5,4,0,1,1,1,0.5,2,1,1,0.5,1,1,1,1,0.5,0.5
388,323,Camerupt,Camerupt,バクーダ (Bakuuda),3,Normal,Eruption Pokémon,2,Fire,Ground,1.9,220,3,Magma Armor,Solid Rock,Anger Point,460,70,100,70,105,75,40,150,70,161,Medium Fast,1,Field,,50,20,1,0.5,4,0,1,1,1,0.5,2,1,1,0.5,1,1,1,1,0.5,0.5
389,323,Mega Camerupt,Camerupt,バクーダ (Bakuuda),3,Normal,Eruption Pokémon,2,Fire,Ground,2.5,320.5,1,Sheer Force,,,560,70,120,100,145,105,20,150,70,196,Medium Fast,1,Field,,50,20,1,0.5,3,0,1,1,1,0.5,1.5,1,1,0.5,1,1,1,1,0.5,0.5
394,328,Trapinch,Knacklion,ナックラー (Nuckrar),3,Normal,Ant Pit Pokémon,1,Ground,,0.7,15,3,Hyper Cutter,Arena Trap,Sheer Force,290,45,100,45,45,45,10,255,70,58,Medium Slow,2,Bug,Dragon,50,20,1,1,2,0,2,2,1,0.5,1,1,1,1,0.5,1,1,1,1,1
395,329,Vibrava,Vibrava,ビブラーバ (Vibrava),3,Normal,Vibration Pokémon,2,Ground,Dragon,1.1,15.3,1,Levitate,,,340,50,70,50,50,50,70,120,70,119,Medium Slow,2,Bug,Dragon,50,20,1,0.5,1,0,1,4,1,0.5,0,1,1,1,0.5,1,2,1,1,2
396,330,Flygon,Libelldra,フライゴン (Flygon),3,Normal,Mystic Pokémon,2,Ground,Dragon,2,82,1,Levitate,,,520,80,100,80,80,80,100,45,70,234,Medium Slow,2,Bug,Dragon,50,20,1,0.5,1,0,1,4,1,0.5,0,1,1,1,0.5,1,2,1,1,2
397,331,Cacnea,Tuska,サボネア (Sabonea),3,Normal,Cactus Pokémon,1,Grass,,0.4,51.3,2,Sand Veil,,Water Absorb,335,50,85,40,85,40,35,190,35,67,Medium Slow,2,Grass,Human-Like,50,20,1,2,0.5,0.5,0.5,2,1,2,0.5,2,1,2,1,1,1,1,1,1
398,332,Cacturne,Noktuska,ノクタス (Noctus),3,Normal,Scarecrow Pokémon,2,Grass,Dark,1.3,77.4,2,Sand Veil,,Water Absorb,475,70,115,60,115,60,55,60,35,166,Medium Slow,2,Grass,Human-Like,50,20,1,2,0.5,0.5,0.5,2,2,2,0.5,2,0,4,1,0.5,1,0.5,1,2
399,333,Swablu,Wablu,チルット (Tyltto),3,Normal,Cotton Bird Pokémon,2,Normal,Flying,0.4,1.2,2,Natural Cure,,Cloud Nine,310,45,40,60,40,75,50,255,70,62,Erratic,2,Dragon,Flying,50,20,1,1,1,2,0.5,2,1,1,0,1,1,0.5,2,0,1,1,1,1
400,334,Altaria,Altaria,チルタリス (Tyltalis),3,Normal,Humming Pokémon,2,Dragon,Flying,1.1,20.6,2,Natural Cure,,Cloud Nine,490,75,70,90,70,105,80,45,70,172,Erratic,2,Dragon,Flying,50,20,1,0.5,0.5,1,0.25,4,0.5,1,0,1,1,0.5,2,1,2,1,1,2
401,334,Mega Altaria,Altaria,チルタリス (Tyltalis),3,Normal,Humming Pokémon,2,Dragon,Fairy,1.5,20.6,1,Pixilate,,,590,75,110,110,110,105,80,45,70,207,Erratic,2,Dragon,Flying,50,20,1,0.5,0.5,0.5,0.5,2,0.5,2,1,1,1,0.5,1,1,0,0.5,2,2
402,335,Zangoose,Sengo,ザングース (Zangoose),3,Normal,Cat Ferret Pokémon,1,Normal,,1.3,40.3,2,Immunity,,Toxic Boost,458,73,115,60,60,60,90,90,70,160,Erratic,1,Field,,50,20,1,1,1,1,1,1,2,1,1,1,1,1,1,0,1,1,1,1
408,341,Corphish,Krebscorps,ヘイガニ (Heigani),3,Normal,Ruffian Pokémon,1,Water,,0.6,11.5,3,Hyper Cutter,Shell Armor,Adaptability,308,43,80,65,50,35,35,205,70,62,Fluctuating,2,Water 1,Water 3,50,15,1,0.5,0.5,2,2,0.5,1,1,1,1,1,1,1,1,1,1,0.5,1
409,342,Crawdaunt,Krebutack,シザリガー (Shizariger),3,Normal,Rogue Pokémon,2,Water,Dark,1.1,32.8,3,Hyper Cutter,Shell Armor,Adaptability,468,63,120,85,90,55,55,155,70,164,Fluctuating,2,Water 1,Water 3,50,15,1,0.5,0.5,2,2,0.5,2,1,1,1,0,2,1,0.5,1,0.5,0.5,2
426,355,Duskull,Zwirrlicht,ヨマワル (Yomawaru),3,Normal,Requiem Pokémon,1,Ghost,,0.8,15,2,Levitate,,Frisk,295,20,40,90,30,90,25,190,35,59,Fast,1,Amorphous,,50,25,0,1,1,1,1,1,0,0.5,0,1,1,0.5,1,2,1,2,1,1
427,356,Dusclops,Zwirrklop,サマヨール (Samayouru),3,Normal,Beckon Pokémon,1,Ghost,,1.6,30.6,2,Pressure,,Frisk,455,40,70,130,60,130,25,90,35,159,Fast,1,Amorphous,,50,25,0,1,1,1,1,1,0,0.5,1,1,1,0.5,1,2,1,2,1,1
428,357,Tropius,Tropius,トロピウス (Tropius),3,Normal,Fruit Pokémon,2,Grass,Flying,2,100,3,Chlorophyll,Solar Power,Harvest,460,99,68,83,72,87,51,200,70,161,Slow,2,Grass,Monster,50,25,1,2,0.5,1,0.25,4,0.5,2,0,2,1,1,2,1,1,1,1,1
430,359,Absol,Absol,アブソル (Absol),3,Normal,Disaster Pokémon,1,Dark,,1.2,47,3,Pressure,Super Luck,Justified,465,65,130,60,75,60,75,30,35,163,Medium Slow,1,Field,,50,25,1,1,1,1,1,1,2,1,1,1,0,2,1,0.5,1,0.5,1,2
431,359,Mega Absol,Absol,アブソル (Absol),3,Normal,Disaster Pokémon,1,Dark,,1.2,49,1,Magic Bounce,,,565,65,150,60,115,60,115,30,35,198,Medium Slow,1,Field,,50,25,1,1,1,1,1,1,2,1,1,1,0,2,1,0.5,1,0.5,1,2
433,361,Snorunt,Schneppke,ユキワラシ (Yukiwarashi),3,Normal,Snow Hat Pokémon,1,Ice,,0.7,16.8,3,Inner Focus,Ice Body,Moody,300,50,50,50,50,50,50,190,70,60,Medium Fast,2,Fairy,Mineral,50,20,1,2,1,1,1,0.5,2,1,1,1,1,1,2,1,1,1,2,1
434,362,Glalie,Firnontor,オニゴーリ (Onigohri),3,Normal,Face Pokémon,1,Ice,,1.5,256.5,3,Inner Focus,Ice Body,Moody,480,80,80,80,80,80,80,75,70,168,Medium Fast,2,Fairy,Mineral,50,20,1,2,1,1,1,0.5,2,1,1,1,1,1,2,1,1,1,2,1
435,362,Mega Glalie,Firnontor,オニゴーリ (Onigohri),3,Normal,Face Pokémon,1,Ice,,2.1,350.2,1,Refrigerate,,,580,80,120,80,120,80,100,75,70,203,Medium Fast,2,Fairy,Mineral,50,20,1,2,1,1,1,0.5,2,1,1,1,1,1,2,1,1,1,2,1
436,363,Spheal,Seemops,タマザラシ (Tamazarashi),3,Normal,Clap Pokémon,2,Ice,Water,0.8,39.5,3,Thick Fat,Ice Body,Oblivious,290,70,40,50,55,50,25,255,70,58,Medium Slow,2,Field,Water 1,50,20,1,0.5,0.5,2,2,125,2,1,1,1,1,1,2,1,1,1,1,1
437,364,Sealeo,Seejong,トドグラー (Todoggler),3,Normal,Ball Roll Pokémon,2,Ice,Water,1.1,87.6,3,Thick Fat,Ice Body,Oblivious,410,90,60,70,75,70,45,120,70,144,Medium Slow,2,Field,Water 1,50,20,1,0.5,0.5,2,2,125,2,1,1,1,1,1,2,1,1,1,1,1
438,365,Walrein,Walraisa,トドゼルガ (Todoseruga),3,Normal,Ice Break Pokémon,2,Ice,Water,1.4,150.6,3,Thick Fat,Ice Body,Oblivious,530,110,80,90,95,90,65,45,70,239,Medium Slow,2,Field,Water 1,50,20,1,0.5,0.5,2,2,125,2,1,1,1,1,1,2,1,1,1,1,1
444,371,Bagon,Kindwurm,タツベイ (Tatsubay),3,Normal,Rock Head Pokémon,1,Dragon,,0.6,42.1,2,Rock Head,,Sheer Force,300,45,75,60,40,30,50,45,35,60,Slow,1,Dragon,,50,40,1,0.5,0.5,0.5,0.5,2,1,1,1,1,1,1,1,1,2,1,1,2
445,372,Shelgon,Draschel,コモルー (Komoruu),3,Normal,Endurance Pokémon,1,Dragon,,1.1,110.5,2,Rock Head,,Overcoat,420,65,95,100,60,50,50,45,35,147,Slow,1,Dragon,,50,40,1,0.5,0.5,0.5,0.5,2,1,1,1,1,1,1,1,1,2,1,1,2
446,373,Salamence,Brutalanda,ボーマンダ (Bohmander),3,Normal,Dragon Pokémon,2,Dragon,Flying,1.5,102.6,2,Intimidate,,Moxie,600,95,135,80,110,80,100,45,35,270,Slow,1,Dragon,,50,40,1,0.5,0.5,1,0.25,4,0.5,1,0,1,1,0.5,2,1,2,1,1,2
447,373,Mega Salamence,Brutalanda,ボーマンダ (Bohmander),3,Normal,Dragon Pokémon,2,Dragon,Flying,1.8,112.6,1,Aerilate,,,700,95,145,130,120,90,120,45,35,315,Slow,1,Dragon,,50,40,1,0.5,0.5,1,0.25,4,0.5,1,0,1,1,0.5,2,1,2,1,1,2
479,396,Starly,Staralili,ムックル (Mukkuru),4,Normal,Starling Pokémon,2,Normal,Flying,0.3,2,2,Keen Eye,,Reckless,245,40,55,30,30,30,60,255,70,49,Medium Slow,1,Flying,,50,15,1,1,1,2,0.5,2,1,1,0,1,1,0.5,2,0,1,1,1,1
480,397,Staravia,Staravia,ムクバード (Mukubird),4,Normal,Starling Pokémon,2,Normal,Flying,0.6,15.5,2,Intimidate,,Reckless,340,55,75,50,40,40,80,120,70,119,Medium Slow,1,Flying,,50,15,1,1,1,2,0.5,2,1,1,0,1,1,0.5,2,0,1,1,1,1
481,398,Staraptor,Staraptor,ムクホーク (Mukuhawk),4,Normal,Predator Pokémon,2,Normal,Flying,1.2,24.9,2,Intimidate,,Reckless,485,85,120,70,50,60,100,45,70,218,Medium Slow,1,Flying,,50,15,1,1,1,2,0.5,2,1,1,0,1,1,0.5,2,0,1,1,1,1
486,403,Shinx,Sheinux,コリンク (Kolink),4,Normal,Flash Pokémon,1,Electric,,0.5,9.5,3,Rivalry,Intimidate,Guts,263,45,65,34,40,34,45,235,70,53,Medium Slow,1,Field,,50,20,1,1,1,0.5,1,1,1,1,2,0.5,1,1,1,1,1,1,0.5,1
487,404,Luxio,Luxio,ルクシオ (Luxio),4,Normal,Spark Pokémon,1,Electric,,0.9,30.5,3,Rivalry,Intimidate,Guts,363,60,85,49,60,49,60,120,100,127,Medium Slow,1,Field,,50,20,1,1,1,0.5,1,1,1,1,2,0.5,1,1,1,1,1,1,0.5,1
488,405,Luxray,Luxtra,レントラー (Rentorar),4,Normal,Gleam Eyes Pokémon,1,Electric,,1.4,42,3,Rivalry,Intimidate,Guts,523,80,120,79,95,79,70,45,70,235,Medium Slow,1,Field,,50,20,1,1,1,0.5,1,1,1,1,2,0.5,1,1,1,1,1,1,0.5,1
489,406,Budew,Knospi,スボミー (Subomie),4,Normal,Bud Pokémon,2,Grass,Poison,0.2,1.2,3,Natural Cure,Poison Point,Leaf Guard,280,40,30,35,50,70,55,255,70,56,Medium Slow,1,Undiscovered,,50,20,1,2,0.5,0.5,0.25,2,0.5,1,1,2,2,1,1,1,1,1,1,0.5
490,407,Roserade,Roserade,ロズレイド (Roserade),4,Normal,Bouquet Pokémon,2,Grass,Poison,0.9,14.5,3,Natural Cure,Poison Point,Technician,515,60,70,65,125,105,90,75,70,232,Medium Slow,2,Fairy,Grass,50,20,1,2,0.5,0.5,0.25,2,0.5,1,1,2,2,1,1,1,1,1,1,0.5
491,408,Cranidos,Koknodon,ズガイドス (Zugaidos),4,Normal,Head Butt Pokémon,1,Rock,,0.9,31.5,2,Mold Breaker,,Sheer Force,350,67,125,40,30,30,58,45,70,70,Erratic,1,Monster,,87.5,30,0.5,0.5,2,1,2,1,2,0.5,2,0.5,1,1,1,1,1,1,2,1
492,409,Rampardos,Rameidon,ラムパルド (Rampald),4,Normal,Head Butt Pokémon,1,Rock,,1.6,102.5,2,Mold Breaker,,Sheer Force,495,97,165,60,65,50,58,45,70,173,Erratic,1,Monster,,87.5,30,0.5,0.5,2,1,2,1,2,0.5,2,0.5,1,1,1,1,1,1,2,1
493,410,Shieldon,Schilterus,タテトプス (Tatetops),4,Normal,Shield Pokémon,2,Rock,Steel,0.5,57,2,Sturdy,,Soundproof,350,30,42,118,42,88,30,45,70,70,Erratic,1,Monster,,87.5,30,0.25,1,2,1,1,0.5,4,0,4,0.25,0.5,0.5,0.5,1,0.5,1,1,0.5
494,411,Bastiodon,Bollterus,トリデプス (Torideps),4,Normal,Shield Pokémon,2,Rock,Steel,1.3,149.5,2,Sturdy,,Soundproof,495,60,52,168,47,138,30,45,70,173,Erratic,1,Monster,,87.5,30,0.25,1,2,1,1,0.5,4,0,4,0.25,0.5,0.5,0.5,1,0.5,1,1,0.5
503,418,Buizel,Bamelin,ブイゼル (Buoysel),4,Normal,Sea Weasel Pokémon,1,Water,,0.7,29.5,2,Swift Swim,,Water Veil,330,55,65,35,60,30,85,190,70,66,Medium Fast,2,Field,Water 1,50,20,1,0.5,0.5,2,2,0.5,1,1,1,1,1,1,1,1,1,1,0.5,1
504,419,Floatzel,Bojelin,フローゼル (Floazel),4,Normal,Sea Weasel Pokémon,1,Water,,1.1,33.5,2,Swift Swim,,Water Veil,495,85,105,55,85,50,115,75,70,173,Medium Fast,2,Field,Water 1,50,20,1,0.5,0.5,2,2,0.5,1,1,1,1,1,1,1,1,1,1,0.5,1
507,422,Shellos,Schalellos,カラナクシ (Karanakushi),4,Normal,Sea Slug Pokémon,1,Water,,0.3,6.3,3,Sticky Hold,Storm Drain,Sand Force,325,76,48,48,57,62,34,190,70,65,Medium Fast,2,Amorphous,Water 1,50,20,1,0.5,0.5,2,2,0.5,1,1,1,1,1,1,1,1,1,1,0.5,1
508,423,Gastrodon,Gastrodon,トリトドン (Tritodon),4,Normal,Sea Slug Pokémon,2,Water,Ground,0.9,29.9,3,Sticky Hold,Storm Drain,Sand Force,475,111,83,68,92,82,39,75,70,166,Medium Fast,2,Amorphous,Water 1,50,20,1,0.5,1,0,4,1,1,0.5,1,1,1,1,0.5,1,1,1,0.5,1
509,424,Ambipom,Ambidiffel,エテボース (Eteboth),4,Normal,Long Tail Pokémon,1,Normal,,1.2,20.3,3,Technician,Pickup,Skill Link,482,75,100,66,60,66,115,45,100,169,Fast,1,Field,,50,20,1,1,1,1,1,1,2,1,1,1,1,1,1,0,1,1,1,1
524,438,Bonsly,Mobai,ウソハチ (Usohachi),4,Normal,Bonsai Pokémon,1,Rock,,0.5,15,3,Sturdy,Rock Head,Rattled,290,50,80,95,10,45,10,255,70,58,Medium Fast,1,Undiscovered,,50,20,0.5,0.5,2,1,2,1,2,0.5,2,0.5,1,1,1,1,1,1,2,1
537,449,Hippopotas,Hippopotas,ヒポポタス (Hippopotas),4,Normal,Hippo Pokémon,1,Ground,,0.8,49.5,2,Sand Stream,,Sand Force,330,68,72,78,38,42,32,140,70,66,Slow,1,Field,,50,30,1,1,2,0,2,2,1,0.5,1,1,1,1,0.5,1,1,1,1,1
538,450,Hippowdon,Hippoterus,カバルドン (Kabaldon),4,Normal,Heavyweight Pokémon,1,Ground,,2,300,2,Sand Stream,,Sand Force,525,108,112,118,68,72,47,60,70,184,Slow,1,Field,,50,30,1,1,2,0,2,2,1,0.5,1,1,1,1,0.5,1,1,1,1,1
539,451,Skorupi,Pionskora,スコルピ (Scorupi),4,Normal,Scorpion Pokémon,2,Poison,Bug,0.8,12,3,Battle Armor,Sniper,Keen Eye,330,40,50,90,30,55,65,120,70,66,Slow,2,Bug,Water 3,50,20,1,2,1,1,0.25,1,0.25,0.5,1,2,2,0.5,2,1,1,1,1,0.5
540,452,Drapion,Piondragi,ドラピオン (Dorapion),4,Normal,Ogre Scorp Pokémon,2,Poison,Dark,1.3,61.5,3,Battle Armor,Sniper,Keen Eye,500,70,90,110,60,75,95,45,70,175,Slow,2,Bug,Water 3,50,20,1,1,1,1,0.5,1,1,0.5,2,1,0,1,1,0.5,1,0.5,1,1
541,453,Croagunk,Glibunkel,グレッグル (Gureggru),4,Normal,Toxic Mouth Pokémon,2,Poison,Fighting,0.7,23,3,Anticipation,Dry Skin,Poison Touch,300,48,61,40,61,40,50,140,100,60,Medium Fast,1,Human-Like,,50,10,1,1,1,1,0.5,1,0.5,0.5,2,2,4,0.25,0.5,1,1,0.5,1,1
542,454,Toxicroak,Toxiquak,ドクロッグ (Dokurog),4,Normal,Toxic Mouth Pokémon,2,Poison,Fighting,1.3,44.4,3,Anticipation,Dry Skin,Poison Touch,490,83,106,65,86,65,85,75,70,172,Medium Fast,1,Human-Like,,50,20,1,1,1,1,0.5,1,0.5,0.5,2,2,4,0.25,0.5,1,1,0.5,1,1
543,455,Carnivine,Venuflibis,マスキッパ (Muskippa),4,Normal,Bug Catcher Pokémon,1,Grass,,1.4,27,1,Levitate,,,454,74,100,72,90,72,46,200,70,159,Slow,1,Grass,,50,25,1,2,0.5,0.5,0.5,2,1,2,0,2,1,2,1,1,1,1,1,1
550,461,Weavile,Snibunna,マニューラ (Manyula),4,Normal,Sharp Claw Pokémon,2,Dark,Ice,1.1,34,2,Pressure,,Pickpocket,510,70,120,65,45,85,125,45,35,179,Medium Slow,1,Field,,50,20,1,2,1,1,1,0.5,4,1,1,1,0,2,2,0.5,1,0.5,2,2
551,462,Magnezone,Magnezone,ジバコイル (Jibacoil),4,Normal,Magnet Area Pokémon,2,Electric,Steel,1.2,180,3,Magnet Pull,Sturdy,Analytic,535,70,70,115,130,90,60,30,70,241,Medium Fast,1,Mineral,,,20,0.5,2,1,0.5,0.5,0.5,2,0,4,0.25,0.5,0.5,0.5,1,0.5,1,0.25,0.5
553,464,Rhyperior,Rihornior,ドサイドン (Dosidon),4,Normal,Drill Pokémon,2,Ground,Rock,2.4,282.8,3,Lightning Rod,Solid Rock,Reckless,535,115,140,130,55,55,40,30,70,241,Slow,2,Field,Monster,50,20,0.5,0.5,4,0,4,2,2,0.25,2,0.5,1,1,0.5,1,1,1,2,1
555,466,Electivire,Elevoltek,エレキブル (Elekible),4,Normal,Thunderbolt Pokémon,1,Electric,,1.8,138.6,2,Motor Drive,,Vital Spirit,540,75,123,67,95,85,95,30,70,243,Medium Fast,1,Human-Like,,75,25,1,1,1,0,1,1,1,1,2,0.5,1,1,1,1,1,1,0.5,1
556,467,Magmortar,Magbrant,ブーバーン (Booburn),4,Normal,Blast Pokémon,1,Fire,,1.6,68,2,Flame Body,,Vital Spirit,540,75,95,67,125,95,83,30,70,243,Medium Fast,1,Human-Like,,75,25,1,0.5,2,1,0.5,0.5,1,1,2,1,1,0.5,2,1,1,1,0.5,0.5
561,472,Gliscor,Skorgro,グライオン (Glion),4,Normal,Fang Scorp Pokémon,2,Ground,Flying,2,42.5,3,Hyper Cutter,Sand Veil,Poison Heal,510,75,95,125,45,75,95,30,70,179,Medium Slow,1,Bug,,50,20,1,1,2,0,1,4,0.5,0.5,0,1,1,0.5,1,1,1,1,1,1
563,474,Porygon-Z,Porygon-Z,ポリゴンＺ (Porygon-Z),4,Normal,Virtual Pokémon,1,Normal,,0.9,34,3,Adaptability,Download,Analytic,535,85,80,70,135,75,90,30,70,241,Medium Fast,1,Mineral,,,20,1,1,1,1,1,1,2,1,1,1,1,1,1,0,1,1,1,1
567,477,Dusknoir,Zwirrfinst,ヨノワール (Yonoir),4,Normal,Gripper Pokémon,1,Ghost,,2.2,106.6,2,Pressure,,Frisk,525,45,100,135,65,135,45,45,35,236,Fast,1,Amorphous,,50,25,0,1,1,1,1,1,0,0.5,1,1,1,0.5,1,2,1,2,1,1
568,478,Froslass,Frosdedje,ユキメノコ (Yukimenoko),4,Normal,Snow Land Pokémon,2,Ice,Ghost,1.3,26.6,2,Snow Cloak,,Cursed Body,480,70,80,70,80,70,110,75,70,168,Medium Fast,2,Fairy,Mineral,0,20,0,2,1,1,1,0.5,0,0.5,1,1,1,0.5,2,2,1,2,2,1
619,522,Blitzle,Elezeba,シママ (Shimama),5,Normal,Electrified Pokémon,1,Electric,,0.8,29.8,3,Lightning Rod,Motor Drive,Sap Sipper,295,45,60,32,50,32,76,190,70,59,Medium Fast,1,Field,,50,20,1,1,1,0,1,1,1,1,2,0.5,1,1,1,1,1,1,0.5,1
620,523,Zebstrika,Zebritz,ゼブライカ (Zebraika),5,Normal,Thunderbolt Pokémon,1,Electric,,1.6,79.5,3,Lightning Rod,Motor Drive,Sap Sipper,497,75,100,63,80,63,116,75,70,174,Medium Fast,1,Field,,50,20,1,1,1,0,1,1,1,1,2,0.5,1,1,1,1,1,1,0.5,1
621,524,Roggenrola,Kiesling,ダンゴロ (Dangoro),5,Normal,Mantle Pokémon,1,Rock,,0.4,18,3,Sturdy,Weak Armor,Sand Force,280,55,75,85,25,25,15,255,70,56,Medium Slow,1,Mineral,,50,15,0.5,0.5,2,1,2,1,2,0.5,2,0.5,1,1,1,1,1,1,2,1
622,525,Boldore,Sedimantur,ガントル (Gantle),5,Normal,Ore Pokémon,1,Rock,,0.9,102,3,Sturdy,Weak Armor,Sand Force,390,70,105,105,50,40,20,120,70,137,Medium Slow,1,Mineral,,50,15,0.5,0.5,2,1,2,1,2,0.5,2,0.5,1,1,1,1,1,1,2,1
623,526,Gigalith,Brockoloss,ギガイアス (Gigaiath),5,Normal,Compressed Pokémon,1,Rock,,1.7,260,3,Sturdy,Sand Stream,Sand Force,515,85,135,130,60,80,25,45,70,232,Medium Slow,1,Mineral,,50,15,0.5,0.5,2,1,2,1,2,0.5,2,0.5,1,1,1,1,1,1,2,1
626,529,Drilbur,Rotomurf,モグリュー (Mogurew),5,Normal,Mole Pokémon,1,Ground,,0.3,8.5,3,Sand Rush,Sand Force,Mold Breaker,328,60,85,40,30,45,68,120,70,66,Medium Fast,1,Field,,50,20,1,1,2,0,2,2,1,0.5,1,1,1,1,0.5,1,1,1,1,1
627,530,Excadrill,Stalobor,ドリュウズ (Doryuzu),5,Normal,Subterrene Pokémon,2,Ground,Steel,0.7,40.4,3,Sand Rush,Sand Force,Mold Breaker,508,110,135,60,50,65,88,60,70,178,Medium Fast,1,Field,,50,20,0.5,2,2,0,1,1,2,0,2,0.5,0.5,0.5,0.25,1,0.5,1,0.5,0.5
633,535,Tympole,Schallquap,オタマロ (Otamaro),5,Normal,Tadpole Pokémon,1,Water,,0.5,4.5,3,Swift Swim,Hydration,Water Absorb,294,50,50,40,50,40,64,255,70,59,Medium Slow,1,Water 1,,50,20,1,0.5,0.5,2,2,0.5,1,1,1,1,1,1,1,1,1,1,0.5,1
634,536,Palpitoad,Mebrana,ガマガル (Gamagaru),5,Normal,Vibration Pokémon,2,Water,Ground,0.8,17,3,Swift Swim,Hydration,Water Absorb,384,75,65,55,65,55,69,120,70,134,Medium Slow,1,Water 1,,50,20,1,0.5,1,0,4,1,1,0.5,1,1,1,1,0.5,1,1,1,0.5,1
635,537,Seismitoad,Branawarz,ガマゲロゲ (Gamageroge),5,Normal,Vibration Pokémon,2,Water,Ground,1.5,62,3,Swift Swim,Poison Touch,Water Absorb,509,105,95,75,85,75,74,45,70,229,Medium Slow,1,Water 1,,50,20,1,0.5,1,0,4,1,1,0.5,1,1,1,1,0.5,1,1,1,0.5,1
638,540,Sewaddle,Strawickl,クルミル (Kurumiru),5,Normal,Sewing Pokémon,2,Bug,Grass,0.3,2.5,3,Swarm,Chlorophyll,Overcoat,310,45,53,70,40,60,42,255,70,62,Medium Slow,1,Bug,,50,15,1,4,0.5,0.5,0.25,2,0.5,2,0.25,4,1,2,2,1,1,1,1,1
639,541,Swadloon,Folikon,クルマユ (Kurumayu),5,Normal,Leaf-Wrapped Pokémon,2,Bug,Grass,0.5,7.3,3,Leaf Guard,Chlorophyll,Overcoat,380,55,63,90,50,80,42,120,70,133,Medium Slow,1,Bug,,50,15,1,4,0.5,0.5,0.25,2,0.5,2,0.25,4,1,2,2,1,1,1,1,1
640,542,Leavanny,Matrifol,ハハコモリ (Hahakomori),5,Normal,Nurturing Pokémon,2,Bug,Grass,1.2,20.5,3,Swarm,Chlorophyll,Overcoat,500,75,103,80,70,80,92,45,70,225,Medium Slow,1,Bug,,50,15,1,4,0.5,0.5,0.25,2,0.5,2,0.25,4,1,2,2,1,1,1,1,1
641,543,Venipede,Toxiped,フシデ (Fushide),5,Normal,Centipede Pokémon,2,Bug,Poison,0.4,5.3,3,Poison Point,Swarm,Speed Boost,260,30,45,59,30,39,57,255,70,52,Medium Slow,1,Bug,,50,15,1,2,1,1,0.25,1,0.25,0.5,1,2,2,0.5,2,1,1,1,1,0.5
642,544,Whirlipede,Rollum,ホイーガ (Wheega),5,Normal,Curlipede Pokémon,2,Bug,Poison,1.2,58.5,3,Poison Point,Swarm,Speed Boost,360,40,55,99,40,79,47,120,70,126,Medium Slow,1,Bug,,50,15,1,2,1,1,0.25,1,0.25,0.5,1,2,2,0.5,2,1,1,1,1,0.5
643,545,Scolipede,Cerapendra,ペンドラー (Pendror),5,Normal,Megapede Pokémon,2,Bug,Poison,2.5,200.5,3,Poison Point,Swarm,Speed Boost,485,60,100,89,55,69,112,45,70,218,Medium Slow,1,Bug,,50,20,1,2,1,1,0.25,1,0.25,0.5,1,2,2,0.5,2,1,1,1,1,0.5
650,551,Sandile,Ganovil,メグロコ (Meguroco),5,Normal,Desert Croc Pokémon,2,Ground,Dark,0.7,15.2,3,Intimidate,Moxie,Anger Point,292,50,72,35,35,35,65,180,70,58,Medium Slow,1,Field,,50,20,1,1,2,0,2,2,2,0.5,1,1,0,2,0.5,0.5,1,0.5,1,2
651,552,Krokorok,Rokkaiman,ワルビル (Waruvile),5,Normal,Desert Croc Pokémon,2,Ground,Dark,1,33.4,3,Intimidate,Moxie,Anger Point,351,60,82,45,45,45,74,90,70,123,Medium Slow,1,Field,,50,20,1,1,2,0,2,2,2,0.5,1,1,0,2,0.5,0.5,1,0.5,1,2
652,553,Krookodile,Rabigator,ワルビアル (Waruvial),5,Normal,Intimidation Pokémon,2,Ground,Dark,1.5,96.3,3,Intimidate,Moxie,Anger Point,519,95,117,80,65,70,92,45,70,234,Medium Slow,1,Field,,50,20,1,1,2,0,2,2,2,0.5,1,1,0,2,0.5,0.5,1,0.5,1,2
662,559,Scraggy,Zurrokex,ズルッグ (Zuruggu),5,Normal,Shedding Pokémon,2,Dark,Fighting,0.6,11.8,3,Shed Skin,Moxie,Intimidate,348,50,75,70,35,70,48,180,35,70,Medium Fast,2,Dragon,Field,50,15,1,1,1,1,1,1,2,1,1,2,0,1,0.5,0.5,1,0.25,1,4
663,560,Scrafty,Irokex,ズルズキン (Zuruzukin),5,Normal,Hoodlum Pokémon,2,Dark,Fighting,1.1,30,3,Shed Skin,Moxie,Intimidate,488,65,90,115,45,115,58,90,70,171,Medium Fast,2,Dragon,Field,50,15,1,1,1,1,1,1,2,1,1,2,0,1,0.5,0.5,1,0.25,1,4
674,570,Zorua,Zorua,ゾロア (Zorua),5,Normal,Tricky Fox Pokémon,1,Dark,,0.7,12.5,1,Illusion,,,330,40,65,40,80,40,65,75,70,66,Medium Slow,1,Field,,87.5,25,1,1,1,1,1,1,2,1,1,1,0,2,1,0.5,1,0.5,1,2
675,571,Zoroark,Zoroark,ゾロアーク (Zoroark),5,Normal,Illusion Fox Pokémon,1,Dark,,1.6,81.1,1,Illusion,,,510,60,105,60,120,60,105,45,70,179,Medium Slow,1,Field,,87.5,20,1,1,1,1,1,1,2,1,1,1,0,2,1,0.5,1,0.5,1,2
686,582,Vanillite,Gelatini,バニプッチ (Vanipeti),5,Normal,Fresh Snow Pokémon,1,Ice,,0.4,5.7,3,Ice Body,Snow Cloak,Weak Armor,305,36,50,50,65,60,44,255,70,61,Slow,1,Mineral,,50,20,1,2,1,1,1,0.5,2,1,1,1,1,1,2,1,1,1,2,1
687,583,Vanillish,Gelatroppo,バニリッチ (Vanirich),5,Normal,Icy Snow Pokémon,1,Ice,,1.1,41,3,Ice Body,Snow Cloak,Weak Armor,395,51,65,65,80,75,59,120,70,138,Slow,1,Mineral,,50,20,1,2,1,1,1,0.5,2,1,1,1,1,1,2,1,1,1,2,1
688,584,Vanilluxe,Gelatwino,バイバニラ (Baivanilla),5,Normal,Snowstorm Pokémon,1,Ice,,1.3,57.5,3,Ice Body,Snow Warning,Weak Armor,535,71,95,85,110,95,79,45,70,241,Slow,1,Mineral,,50,20,1,2,1,1,1,0.5,2,1,1,1,1,1,2,1,1,1,2,1
691,587,Emolga,Emolga,エモンガ (Emonga),5,Normal,Sky Squirrel Pokémon,2,Electric,Flying,0.4,5,2,Static,,Motor Drive,428,55,75,60,75,60,103,200,70,150,Medium Fast,1,Field,,50,20,1,1,1,1,0.5,2,0.5,1,0,0.5,1,0.5,2,1,1,1,0.5,1
692,588,Karrablast,Laukaps,カブルモ (Kaburumo),5,Normal,Clamping Pokémon,1,Bug,,0.5,5.9,3,Swarm,Shed Skin,No Guard,315,50,75,45,40,45,60,200,70,63,Medium Fast,1,Bug,,50,15,1,2,1,1,0.5,1,0.5,1,0.5,2,1,1,2,1,1,1,1,1
693,589,Escavalier,Cavalanzas,シュバルゴ (Chevargo),5,Normal,Cavalry Pokémon,2,Bug,Steel,1,33,3,Swarm,Shell Armor,Overcoat,495,70,135,105,60,105,20,75,70,173,Medium Fast,1,Bug,,50,15,0.5,4,1,1,0.25,0.5,1,0,1,1,0.5,0.5,1,1,0.5,1,0.5,0.5
699,595,Joltik,Wattzapf,バチュル (Bachuru),5,Normal,Attaching Pokémon,2,Bug,Electric,0.1,0.6,3,Compound Eyes,Unnerve,Swarm,319,50,47,50,57,50,65,190,70,64,Medium Fast,1,Bug,,50,20,1,2,1,0.5,0.5,1,0.5,1,1,1,1,1,2,1,1,1,0.5,1
700,596,Galvantula,Voltula,デンチュラ (Dentula),5,Normal,EleSpider Pokémon,2,Bug,Electric,0.8,14.3,3,Compound Eyes,Unnerve,Swarm,472,70,77,60,97,60,108,75,70,165,Medium Fast,1,Bug,,50,20,1,2,1,0.5,0.5,1,0.5,1,1,1,1,1,2,1,1,1,0.5,1
711,607,Litwick,Lichtel,ヒトモシ (Hitomoshi),5,Normal,Candle Pokémon,2,Ghost,Fire,0.3,3.1,3,Flash Fire,Flame Body,Infiltrator,275,50,30,55,65,55,20,190,70,55,Medium Slow,1,Amorphous,,50,20,0,0,2,1,0.5,0.5,0,0.5,2,1,1,0.25,2,2,1,2,0.5,0.5
712,608,Lampent,Laternecto,ランプラー (Lampler),5,Normal,Lamp Pokémon,2,Ghost,Fire,0.6,13,3,Flash Fire,Flame Body,Infiltrator,370,60,40,60,95,60,55,90,70,130,Medium Slow,1,Amorphous,,50,20,0,0,2,1,0.5,0.5,0,0.5,2,1,1,0.25,2,2,1,2,0.5,0.5
713,609,Chandelure,Skelabra,シャンデラ (Chandela),5,Normal,Luring Pokémon,2,Ghost,Fire,1,34.3,3,Flash Fire,Flame Body,Infiltrator,520,60,55,90,145,90,80,45,70,234,Medium Slow,1,Amorphous,,50,20,0,0,2,1,0.5,0.5,0,0.5,2,1,1,0.25,2,2,1,2,0.5,0.5
714,610,Axew,Milza,キバゴ (Kibago),5,Normal,Tusk Pokémon,1,Dragon,,0.6,18,3,Rivalry,Mold Breaker,Unnerve,320,46,87,60,30,40,57,75,35,64,Slow,2,Dragon,Monster,50,40,1,0.5,0.5,0.5,0.5,2,1,1,1,1,1,1,1,1,2,1,1,2
715,611,Fraxure,Sharfax,オノンド (Onondo),5,Normal,Axe Jaw Pokémon,1,Dragon,,1,36,3,Rivalry,Mold Breaker,Unnerve,410,66,117,70,40,50,67,60,35,144,Slow,2,Dragon,Monster,50,40,1,0.5,0.5,0.5,0.5,2,1,1,1,1,1,1,1,1,2,1,1,2
716,612,Haxorus,Maxax,オノノクス (Ononokus),5,Normal,Axe Jaw Pokémon,1,Dragon,,1.8,105.5,3,Rivalry,Mold Breaker,Unnerve,540,76,147,90,60,70,97,45,35,243,Slow,2,Dragon,Monster,50,40,1,0.5,0.5,0.5,0.5,2,1,1,1,1,1,1,1,1,2,1,1,2
724,619,Mienfoo,Lin-Fu,コジョフー (Kojofu),5,Normal,Martial Arts Pokémon,1,Fighting,,0.9,20,3,Inner Focus,Regenerator,Reckless,350,45,85,50,55,50,65,180,70,70,Medium Slow,2,Field,Human-Like,50,25,1,1,1,1,1,1,1,1,1,2,2,0.5,0.5,1,1,0.5,1,2
725,620,Mienshao,Wie-Shu,コジョンド (Kojondo),5,Normal,Martial Arts Pokémon,1,Fighting,,1.4,35.5,3,Inner Focus,Regenerator,Reckless,510,65,125,60,95,60,105,45,70,179,Medium Slow,2,Field,Human-Like,50,25,1,1,1,1,1,1,1,1,1,2,2,0.5,0.5,1,1,0.5,1,2
729,624,Pawniard,Gladiantri,コマタナ (Komatana),5,Normal,Sharp Blade Pokémon,2,Dark,Steel,0.5,10.2,3,Defiant,Inner Focus,Pressure,340,45,85,70,40,40,60,120,35,68,Medium Fast,1,Human-Like,,50,20,0.5,2,1,1,0.5,0.5,4,0,2,0.5,0,1,0.5,0.5,0.5,0.5,0.5,1
730,625,Bisharp,Caesurio,キリキザン (Kirikizan),5,Normal,Sword Blade Pokémon,2,Dark,Steel,1.6,70,3,Defiant,Inner Focus,Pressure,490,65,125,100,60,70,70,45,35,172,Medium Fast,1,Human-Like,,50,20,0.5,2,1,1,0.5,0.5,4,0,2,0.5,0,1,0.5,0.5,0.5,0.5,0.5,1
774,661,Fletchling,Dartiri,ヤヤコマ (Yayakoma),6,Normal,Tiny Robin Pokémon,2,Normal,Flying,0.3,1.7,2,Big Pecks,,Gale Wings,278,45,50,43,40,38,62,255,70,56,Medium Slow,1,Flying,,50,15,1,1,1,2,0.5,2,1,1,0,1,1,0.5,2,0,1,1,1,1
775,662,Fletchinder,Dartignis,ヒノヤコマ (Hinoyakoma),6,Normal,Ember Pokémon,2,Fire,Flying,0.7,16,2,Flame Body,,Gale Wings,382,62,73,55,56,52,84,120,70,134,Medium Slow,1,Flying,,50,15,1,0.5,2,2,0.25,1,0.5,1,0,1,1,0.25,4,1,1,1,0.5,0.5
776,663,Talonflame,Fiaro,ファイアロー (Fiarrow),6,Normal,Scorching Pokémon,2,Fire,Flying,1.2,24.5,2,Flame Body,,Gale Wings,499,78,81,71,74,69,126,45,70,175,Medium Slow,1,Flying,,50,15,1,0.5,2,2,0.25,1,0.5,1,0,1,1,0.25,4,1,1,1,0.5,0.5
785,672,Skiddo,Mähikel,メェークル (Meecle),6,Normal,Mount Pokémon,1,Grass,,0.9,31,2,Sap Sipper,,Grass Pelt,350,66,65,48,62,57,52,200,70,70,Medium Fast,1,Field,,50,20,1,2,0.5,0.5,0,2,1,2,0.5,2,1,2,1,1,1,1,1,1
786,673,Gogoat,Chevrumm,ゴーゴート (Gogoat),6,Normal,Mount Pokémon,1,Grass,,1.7,91,2,Sap Sipper,,Grass Pelt,531,123,100,62,97,81,68,45,70,186,Medium Fast,1,Field,,50,20,1,2,0.5,0.5,0,2,1,2,0.5,2,1,2,1,1,1,1,1,1
787,674,Pancham,Pam-Pam,ヤンチャム (Yancham),6,Normal,Playful Pokémon,1,Fighting,,0.6,8,3,Iron Fist,Mold Breaker,Scrappy,348,67,82,62,46,48,43,220,70,70,Medium Fast,2,Field,Human-Like,50,25,1,1,1,1,1,1,1,1,1,2,2,0.5,0.5,1,1,0.5,1,2
788,675,Pangoro,Pandagro,ゴロンダ (Goronda),6,Normal,Daunting Pokémon,2,Fighting,Dark,2.1,136,3,Iron Fist,Mold Breaker,Scrappy,495,95,124,78,69,71,58,65,70,173,Medium Fast,2,Field,Human-Like,50,25,1,1,1,1,1,1,2,1,1,2,0,1,0.5,0.5,1,0.25,1,4
793,679,Honedge,Gramokles,ヒトツキ (Hitotsuki),6,Normal,Sword Pokémon,2,Steel,Ghost,0.8,2,1,No Guard,,,325,45,80,100,35,37,28,180,70,65,Medium Fast,1,Mineral,,50,20,0,2,1,1,0.5,0.5,0,0,2,0.5,0.5,0.25,0.5,2,0.5,2,0.5,0.5
794,680,Doublade,Duokles,ニダンギル (Nidangill),6,Normal,Sword Pokémon,2,Steel,Ghost,0.8,4.5,1,No Guard,,,448,59,110,150,45,49,35,90,70,157,Medium Fast,1,Mineral,,50,20,0,2,1,1,0.5,0.5,0,0,2,0.5,0.5,0.25,0.5,2,0.5,2,0.5,0.5
795,681,Aegislash Blade Forme,Durengard,ギルガルド (Gillgard),6,Normal,Royal Sword Pokémon,2,Steel,Ghost,1.7,53,1,Stance Change,,,520,60,150,50,150,50,60,45,70,234,Medium Fast,1,Mineral,,50,20,0,2,1,1,0.5,0.5,0,0,2,0.5,0.5,0.25,0.5,2,0.5,2,0.5,0.5
796,681,Aegislash Shield Forme,Durengard,ギルガルド (Gillgard),6,Normal,Royal Sword Pokémon,2,Steel,Ghost,1.7,53,1,Stance Change,,,520,60,50,150,50,150,60,45,70,234,Medium Fast,1,Mineral,,50,20,0,2,1,1,0.5,0.5,0,0,2,0.5,0.5,0.25,0.5,2,0.5,2,0.5,0.5
801,686,Inkay,Iscalar,マーイーカ (Maaiika),6,Normal,Revolving Pokémon,2,Dark,Psychic,0.4,3.5,3,Contrary,Suction Cups,Infiltrator,288,53,54,53,37,46,45,190,70,58,Medium Fast,2,Water 1,Water 2,50,20,1,1,1,1,1,1,1,1,1,1,0,4,1,1,1,1,1,2
802,687,Malamar,Calamanero,カラマネロ (Calamanero),6,Normal,Overturning Pokémon,2,Dark,Psychic,1.5,47,3,Contrary,Suction Cups,Infiltrator,482,86,92,88,68,75,73,80,70,169,Medium Fast,2,Water 1,Water 2,50,20,1,1,1,1,1,1,1,1,1,1,0,4,1,1,1,1,1,2
803,688,Binacle,Bithora,カメテテ (Kametete),6,Normal,Two-Handed Pokémon,2,Rock,Water,0.5,31,3,Sniper,Tough Claws,Pickpocket,306,42,52,67,39,56,50,120,70,61,Medium Fast,1,Water 3,,50,20,0.5,0.25,1,2,4,0.5,2,0.5,2,0.5,1,1,1,1,1,1,1,1
804,689,Barbaracle,Thanathora,ガメノデス (Gamenodes),6,Normal,Collective Pokémon,2,Rock,Water,1.3,96,3,Sniper,Tough Claws,Pickpocket,500,72,105,115,54,86,68,45,70,175,Medium Fast,1,Water 3,,50,20,0.5,0.25,1,2,4,0.5,2,0.5,2,0.5,1,1,1,1,1,1,1,1
805,690,Skrelp,Algitt,クズモー (Kuzumo),6,Normal,Mock Kelp Pokémon,2,Poison,Water,0.5,7.3,3,Poison Point,Poison Touch,Adaptability,320,50,60,60,60,60,30,225,70,64,Medium Fast,2,Dragon,Water 1,50,20,1,0.5,0.5,2,1,0.5,0.5,0.5,2,1,2,0.5,1,1,1,1,0.5,0.5
806,691,Dragalge,Tandrak,ドラミドロ (Dramidoro),6,Normal,Mock Kelp Pokémon,2,Poison,Dragon,1.8,81.5,3,Poison Point,Poison Touch,Adaptability,494,65,75,90,97,123,44,55,70,173,Medium Fast,2,Dragon,Water 1,50,20,1,0.5,0.5,0.5,0.25,2,0.5,0.5,2,1,2,0.5,1,1,2,1,1,1
809,694,Helioptile,Eguana,エリキテル (Erikiteru),6,Normal,Generator Pokémon,2,Electric,Normal,0.5,6,3,Dry Skin,Sand Veil,Solar Power,289,44,38,33,61,43,70,190,70,58,Medium Fast,2,Dragon,Monster,50,20,1,1.25,0,0.5,1,1,2,1,2,0.5,1,1,1,0,1,1,0.5,1
810,695,Heliolisk,Elezard,エレザード (Elezard),6,Normal,Generator Pokémon,2,Electric,Normal,1,21,3,Dry Skin,Sand Veil,Solar Power,481,62,55,52,109,94,109,75,70,168,Medium Fast,2,Dragon,Monster,50,20,1,1.25,0,0.5,1,1,2,1,2,0.5,1,1,1,0,1,1,0.5,1
816,701,Hawlucha,Resladero,ルチャブル (Luchabull),6,Normal,Wrestling Pokémon,2,Fighting,Flying,0.8,21.5,3,Limber,Unburden,Mold Breaker,500,78,92,75,74,63,118,100,70,175,Medium Fast,2,Flying,Human-Like,50,20,1,1,1,2,0.5,2,0.5,1,0,2,2,0.25,1,1,1,0.5,1,2
818,703,Carbink,Rocara,メレシー (Melecie),6,Normal,Jewel Pokémon,2,Rock,Fairy,0.3,5.7,2,Clear Body,,Sturdy,500,50,50,150,50,150,50,60,70,100,Slow,2,Fairy,Mineral,,25,0.5,0.5,2,1,2,1,1,1,2,0.5,1,0.5,1,1,0,0.5,4,1
819,704,Goomy,Viscora,ヌメラ (Numera),6,Normal,Soft Tissue Pokémon,1,Dragon,,0.3,2.8,3,Sap Sipper,Hydration,Gooey,300,45,50,35,55,75,40,45,35,60,Slow,1,Dragon,,50,40,1,0.5,0.5,0.5,0,2,1,1,1,1,1,1,1,1,2,1,1,2
820,705,Sliggoo,Viscargot,ヌメイル (Numeil),6,Normal,Soft Tissue Pokémon,1,Dragon,,0.8,17.5,3,Sap Sipper,Hydration,Gooey,452,68,75,53,83,113,60,45,35,158,Slow,1,Dragon,,50,40,1,0.5,0.5,0.5,0,2,1,1,1,1,1,1,1,1,2,1,1,2
821,706,Goodra,Viscogon,ヌメルゴン (Numelgon),6,Normal,Dragon Pokémon,1,Dragon,,2,150.5,3,Sap Sipper,Hydration,Gooey,600,90,100,70,110,150,80,45,35,270,Slow,1,Dragon,,50,40,1,0.5,0.5,0.5,0,2,1,1,1,1,1,1,1,1,2,1,1,2
822,707,Klefki,Clavion,クレッフィ (Cleffy),6,Normal,Key Ring Pokémon,2,Steel,Fairy,0.2,3,2,Prankster,,Magician,470,57,80,91,80,87,75,75,70,165,Fast,1,Mineral,,50,20,0.5,2,1,1,0.5,0.5,1,0,2,0.5,0.5,0.25,0.5,1,0,0.5,1,0.5
833,712,Bergmite,Arktip,カチコール (Kachikohru),6,Normal,Ice Chunk Pokémon,1,Ice,,1,99.5,3,Own Tempo,Ice Body,Sturdy,304,55,69,85,32,35,28,190,70,61,Medium Fast,2,Mineral,Monster,50,20,1,2,1,1,1,0.5,2,1,1,1,1,1,2,1,1,1,2,1
834,713,Avalugg,Arktilas,クレベース (Crebase),6,Normal,Iceberg Pokémon,1,Ice,,2,505,3,Own Tempo,Ice Body,Sturdy,514,95,117,184,44,46,28,55,70,180,Medium Fast,2,Mineral,Monster,50,20,1,2,1,1,1,0.5,2,1,1,1,1,1,2,1,1,1,2,1
835,714,Noibat,eF-eM,オンバット (Onbat),6,Normal,Sound Wave Pokémon,2,Flying,Dragon,0.5,8,3,Frisk,Infiltrator,Telepathy,245,40,30,35,45,40,55,190,70,49,Medium Fast,2,Dragon,Flying,50,20,1,0.5,0.5,1,0.25,4,0.5,1,0,1,1,0.5,2,1,2,1,1,2
836,715,Noivern,UHaFnir,オンバーン (Onvern),6,Normal,Sound Wave Pokémon,2,Flying,Dragon,1.5,85,3,Frisk,Infiltrator,Telepathy,535,85,70,80,97,80,123,45,70,187,Medium Fast,2,Dragon,Flying,50,20,1,0.5,0.5,1,0.25,4,0.5,1,0,1,1,0.5,2,1,2,1,1,2